{
    "com.github.ulauncher.ulauncher-emoji": {
        "id": "com.github.ulauncher.ulauncher-emoji",
        "url": "https://github.com/Ulauncher/ulauncher-emoji",
        "updated_at": "2024-10-02T14:39:54.379431",
        "last_commit": "827cfe5e1d2f89f742f811f981759787b0654fa9",
        "last_commit_time": "2023-11-04T18:37:13"
    },
    "com.github.kuenzelit.ulauncher-firefox-bookmarks": {
        "id": "com.github.kuenzelit.ulauncher-firefox-bookmarks",
        "url": "https://github.com/KuenzelIT/ulauncher-firefox-bookmarks",
        "updated_at": "2024-10-02T14:45:38.289439",
        "last_commit": "77f1de0adfc2e79ce767f645ae8ad0a0dda2783e",
        "last_commit_time": "2019-12-07T17:27:46"
    }
}